{
  "rmse": 193.2664037261202,
  "mae": 54.90124114918882,
  "mape": 14396507616.542807
}